actual_churn,predicted_probability,predicted_churn
0,0.7491913,1
0,0.39047268,0
0,0.051885515,0
0,0.13410383,0
0,0.12514193,0
0,0.16915035,0
0,0.03300457,0
0,0.5588963,1
0,0.11495259,0
1,0.25405335,0
0,0.028934533,0
0,0.42385605,0
0,0.28459552,0
1,0.5945987,1
0,0.17904472,0
0,0.019786851,0
0,0.28015116,0
0,0.027283056,0
0,0.09324797,0
0,0.07359188,0
1,0.69812435,1
0,0.05681743,0
0,0.20569111,0
0,0.16883773,0
0,0.37064493,0
0,0.05416872,0
1,0.7660992,1
1,0.45028085,0
0,0.12799619,0
1,0.7185509,1
0,0.65344256,1
0,0.13063265,0
0,0.4714169,0
0,0.09240842,0
1,0.5623999,1
0,0.1236047,0
1,0.47344044,0
0,0.19778639,0
1,0.2570649,0
1,0.77597415,1
0,0.12769255,0
0,0.0731047,0
0,0.19561166,0
0,0.58750427,1
0,0.5044679,1
1,0.64981484,1
0,0.15637654,0
0,0.7275882,1
0,0.67286664,1
1,0.2774897,0
0,0.1175884,0
1,0.63493013,1
0,0.6817148,1
0,0.4098387,0
0,0.10161922,0
1,0.7786358,1
0,0.15807188,0
0,0.3723291,0
0,0.13532856,0
0,0.19289437,0
0,0.24209681,0
1,0.48285738,0
0,0.11172614,0
0,0.16353066,0
1,0.47586682,0
1,0.15696354,0
1,0.731907,1
1,0.51617616,1
1,0.542592,1
1,0.28023654,0
0,0.027007837,0
0,0.10376854,0
1,0.6901562,1
0,0.18449149,0
0,0.362756,0
0,0.23027614,0
0,0.23192324,0
1,0.2485567,0
0,0.13494337,0
0,0.20540711,0
0,0.061108775,0
0,0.16689904,0
1,0.69638413,1
1,0.22925882,0
0,0.47222203,0
0,0.05755889,0
0,0.39836106,0
1,0.7587891,1
1,0.18221548,0
0,0.4268089,0
1,0.2611819,0
0,0.18375118,0
0,0.12377127,0
1,0.6775829,1
1,0.5305666,1
0,0.34260815,0
0,0.31103745,0
0,0.22813098,0
1,0.2579823,0
0,0.6854971,1
1,0.09560384,0
1,0.46326756,0
0,0.56475836,1
1,0.14700064,0
1,0.14323454,0
0,0.13419905,0
0,0.09232135,0
0,0.07488076,0
0,0.57466656,1
0,0.10865146,0
0,0.017796552,0
0,0.57207614,1
0,0.05023024,0
0,0.29678473,0
1,0.4976322,0
0,0.03698827,0
1,0.6686252,1
0,0.019256607,0
0,0.118522376,0
0,0.11379551,0
0,0.43363425,0
1,0.51774937,1
0,0.19100218,0
0,0.092066735,0
1,0.7195197,1
0,0.11844109,0
1,0.23607896,0
0,0.6382068,1
1,0.10837727,0
0,0.35849667,0
1,0.34008953,0
1,0.43527415,0
0,0.6362752,1
0,0.3597794,0
0,0.07726567,0
0,0.2944073,0
0,0.07423068,0
0,0.18840107,0
0,0.0683551,0
1,0.7108843,1
0,0.11714376,0
0,0.06445374,0
0,0.27446005,0
0,0.7241376,1
0,0.12821597,0
0,0.15494403,0
0,0.07898948,0
1,0.6349432,1
0,0.3236631,0
0,0.38373756,0
0,0.7445807,1
0,0.07059184,0
0,0.19040266,0
0,0.17059398,0
1,0.34281063,0
0,0.03638977,0
0,0.082919784,0
1,0.73344314,1
1,0.7400267,1
1,0.19752268,0
0,0.07746561,0
0,0.18509327,0
0,0.7411996,1
0,0.028284244,0
0,0.14553733,0
1,0.55165625,1
0,0.20205389,0
1,0.34818032,0
0,0.11661131,0
0,0.3374464,0
0,0.23891152,0
1,0.7017751,1
0,0.73587674,1
1,0.73535955,1
0,0.09973607,0
0,0.09168385,0
0,0.4142885,0
0,0.16153467,0
0,0.16451575,0
0,0.33251765,0
1,0.7286143,1
0,0.568271,1
1,0.08673434,0
1,0.7446549,1
0,0.63480186,1
0,0.11395256,0
0,0.059823465,0
1,0.51427984,1
0,0.43611905,0
0,0.2718845,0
0,0.54935443,1
0,0.49266884,0
1,0.74860376,1
0,0.09715893,0
0,0.025330357,0
0,0.040036142,0
0,0.053346906,0
0,0.3701727,0
0,0.14051893,0
0,0.5843632,1
0,0.42057022,0
0,0.3263059,0
0,0.26839834,0
0,0.07280529,0
0,0.10404167,0
0,0.08681524,0
0,0.022315547,0
0,0.28348136,0
0,0.17473468,0
0,0.67107993,1
1,0.57746035,1
0,0.023720207,0
1,0.12006831,0
0,0.20333572,0
0,0.294955,0
0,0.33861306,0
0,0.09372668,0
0,0.15123652,0
1,0.41716716,0
1,0.5484034,1
0,0.07097076,0
0,0.16096075,0
0,0.1515768,0
0,0.065520704,0
0,0.5017086,1
0,0.4803267,0
0,0.5427297,1
0,0.08428006,0
1,0.56757617,1
0,0.55942965,1
0,0.51450187,1
1,0.7013149,1
0,0.6995864,1
0,0.16100031,0
1,0.51336116,1
1,0.54066765,1
1,0.6844322,1
0,0.6361024,1
0,0.3192878,0
0,0.097017646,0
1,0.7484543,1
1,0.69719034,1
0,0.46843812,0
0,0.15004273,0
1,0.11752767,0
1,0.708501,1
1,0.74803644,1
0,0.1470644,0
0,0.45350584,0
0,0.67898107,1
0,0.06885032,0
0,0.1288057,0
0,0.31561083,0
0,0.35659492,0
1,0.62415534,1
0,0.14648506,0
0,0.1360582,0
0,0.06323168,0
0,0.3090909,0
0,0.18167578,0
0,0.7346236,1
0,0.090644814,0
0,0.20389204,0
0,0.23482306,0
1,0.29014644,0
1,0.7150661,1
1,0.3301496,0
0,0.13270651,0
0,0.1635982,0
0,0.15223967,0
0,0.023885084,0
0,0.10300918,0
0,0.09941125,0
0,0.44463587,0
0,0.2708713,0
0,0.5690489,1
1,0.7682576,1
0,0.2005947,0
1,0.77693033,1
0,0.30344722,0
0,0.29862544,0
0,0.37309155,0
0,0.25625676,0
0,0.17393196,0
0,0.16093569,0
1,0.68069994,1
1,0.5441113,1
0,0.69506544,1
1,0.364589,0
0,0.029559594,0
0,0.18767478,0
0,0.06864771,0
0,0.12661237,0
0,0.4105065,0
0,0.12653069,0
0,0.3869373,0
0,0.11707004,0
1,0.76514226,1
0,0.25768244,0
0,0.5690956,1
0,0.48345613,0
1,0.26604488,0
0,0.74369776,1
0,0.10376179,0
1,0.13832663,0
0,0.09135934,0
0,0.16057128,0
0,0.41373542,0
0,0.05055286,0
0,0.13708828,0
0,0.5239734,1
0,0.1154781,0
0,0.31388628,0
0,0.64037174,1
0,0.025930425,0
0,0.44451076,0
0,0.14199743,0
0,0.466681,0
1,0.15885974,0
1,0.19719325,0
0,0.057539057,0
0,0.34786597,0
1,0.644849,1
0,0.12851861,0
0,0.054676246,0
0,0.15543152,0
1,0.32779148,0
0,0.6557409,1
0,0.6312312,1
0,0.31141135,0
0,0.027542772,0
1,0.5589276,1
0,0.09853019,0
0,0.32154655,0
0,0.04424299,0
0,0.54036456,1
1,0.6929475,1
0,0.11958049,0
0,0.69319934,1
0,0.53141385,1
0,0.11972666,0
1,0.7116842,1
0,0.32156432,0
1,0.7436539,1
1,0.56398463,1
1,0.1455369,0
0,0.10791313,0
1,0.6954097,1
0,0.06308454,0
1,0.751013,1
0,0.0403548,0
1,0.15633215,0
0,0.23785782,0
0,0.5228374,1
0,0.12361075,0
0,0.07298721,0
0,0.52391136,1
0,0.7259484,1
0,0.17271468,0
1,0.7633343,1
1,0.3107586,0
0,0.114263326,0
0,0.14873129,0
0,0.19495723,0
0,0.07905105,0
1,0.0698433,0
0,0.21948966,0
0,0.06400882,0
0,0.11242608,0
0,0.17623459,0
1,0.5889856,1
0,0.21960287,0
0,0.33307394,0
0,0.054498326,0
1,0.51556075,1
0,0.22538893,0
0,0.18612848,0
0,0.03200725,0
1,0.7167402,1
0,0.4487123,0
0,0.36401927,0
0,0.065606914,0
0,0.18817066,0
0,0.05718785,0
1,0.51106805,1
0,0.06291301,0
1,0.7351063,1
1,0.5903018,1
0,0.01890344,0
1,0.7153154,1
0,0.6549143,1
0,0.19473004,0
0,0.23607947,0
0,0.1490043,0
0,0.6000267,1
0,0.16552581,0
0,0.19024993,0
0,0.11716066,0
0,0.09054341,0
1,0.61134696,1
0,0.13298556,0
0,0.122894965,0
0,0.061459456,0
0,0.2875773,0
0,0.6128553,1
0,0.55791277,1
1,0.28010935,0
0,0.5912603,1
1,0.7042226,1
0,0.21745656,0
1,0.61305016,1
1,0.43611905,0
1,0.61265105,1
1,0.7134634,1
0,0.25900593,0
0,0.058963813,0
0,0.0841573,0
1,0.1790454,0
1,0.19319719,0
1,0.7303024,1
0,0.16283332,0
0,0.1504248,0
0,0.31217605,0
1,0.4619491,0
0,0.24816285,0
0,0.15836523,0
0,0.1856128,0
0,0.08525871,0
0,0.19867885,0
0,0.079194814,0
0,0.57241696,1
0,0.1640761,0
0,0.5492748,1
0,0.054257058,0
0,0.076442994,0
1,0.667391,1
0,0.17892238,0
0,0.062491894,0
0,0.7526842,1
0,0.09411457,0
0,0.14597857,0
1,0.31246796,0
0,0.35326952,0
0,0.12485292,0
1,0.1485501,0
0,0.15809093,0
0,0.30545592,0
0,0.1995965,0
0,0.2900585,0
0,0.5071183,1
0,0.048805952,0
0,0.14950338,0
0,0.22144677,0
0,0.4245107,0
0,0.3309607,0
0,0.33765903,0
1,0.7295211,1
0,0.48216486,0
0,0.12006508,0
1,0.69704294,1
0,0.32205573,0
1,0.668823,1
0,0.058990702,0
0,0.17587239,0
0,0.08096463,0
0,0.025303131,0
0,0.60237736,1
0,0.05287531,0
0,0.1770922,0
0,0.1677614,0
1,0.23383388,0
0,0.15884577,0
0,0.22526766,0
0,0.3392994,0
0,0.41087806,0
0,0.13924293,0
0,0.20509854,0
0,0.08867507,0
1,0.5051802,1
1,0.7167038,1
0,0.091258965,0
0,0.19064993,0
0,0.13648197,0
1,0.60142314,1
0,0.17880093,0
0,0.57062256,1
0,0.6767836,1
0,0.24879618,0
1,0.21560904,0
0,0.13444617,0
0,0.19770634,0
0,0.48739442,0
0,0.14212589,0
0,0.0404946,0
0,0.7314649,1
0,0.17320661,0
0,0.029424874,0
1,0.74679446,1
0,0.18778096,0
0,0.5529299,1
0,0.1215663,0
0,0.485595,0
0,0.59643555,1
0,0.07489979,0
0,0.27039698,0
0,0.09488992,0
0,0.75057197,1
0,0.025274675,0
1,0.33528063,0
0,0.12835857,0
1,0.7303226,1
1,0.57319117,1
0,0.12585561,0
0,0.40100065,0
1,0.08550939,0
0,0.67741317,1
0,0.38736716,0
0,0.35247958,0
0,0.7070334,1
0,0.47640187,0
0,0.08711749,0
0,0.4938861,0
0,0.12801272,0
1,0.7138468,1
1,0.34543413,0
1,0.2887245,0
0,0.19083104,0
0,0.11231687,0
0,0.030967243,0
0,0.31351924,0
0,0.06747717,0
0,0.12097844,0
0,0.18127729,0
1,0.65208685,1
1,0.60641825,1
0,0.5949191,1
0,0.16475736,0
0,0.097802706,0
1,0.54437405,1
1,0.7408475,1
1,0.59558123,1
0,0.027832706,0
1,0.74761605,1
0,0.13616656,0
1,0.75529575,1
0,0.27522576,0
0,0.74142826,1
0,0.10318758,0
0,0.05955501,0
0,0.2487071,0
1,0.7663211,1
0,0.13448344,0
0,0.19822825,0
0,0.018923763,0
0,0.52627474,1
0,0.43192765,0
1,0.61447704,1
1,0.38401982,0
0,0.6063499,1
0,0.029727824,0
0,0.11511914,0
1,0.7512377,1
1,0.36957112,0
0,0.22563449,0
0,0.23799549,0
0,0.1445955,0
1,0.6730144,1
1,0.56026167,1
1,0.758366,1
1,0.17330088,0
0,0.06595918,0
0,0.07218917,0
1,0.7673392,1
1,0.1465862,0
0,0.11846555,0
1,0.104232155,0
0,0.045222223,0
0,0.45060894,0
0,0.123161666,0
0,0.14711837,0
0,0.02526548,0
0,0.60377014,1
0,0.10114579,0
0,0.22531576,0
0,0.16715066,0
0,0.10182802,0
1,0.57302403,1
0,0.27618462,0
0,0.09686269,0
1,0.5336897,1
0,0.5977146,1
0,0.25365838,0
0,0.02840833,0
1,0.34326804,0
1,0.583638,1
0,0.39318568,0
0,0.5031787,1
0,0.082529336,0
1,0.33165786,0
0,0.14217593,0
0,0.19398624,0
1,0.76619,1
0,0.10130852,0
1,0.7423447,1
0,0.020980807,0
0,0.25417838,0
1,0.7517052,1
1,0.2890111,0
0,0.57141453,1
0,0.08227781,0
0,0.14624085,0
0,0.097573474,0
0,0.2923489,0
1,0.5967408,1
0,0.16361357,0
0,0.22551088,0
0,0.25218198,0
0,0.16567405,0
1,0.5535605,1
1,0.31086886,0
0,0.6889118,1
1,0.3749267,0
1,0.72293454,1
0,0.09420445,0
0,0.46822006,0
1,0.22163796,0
0,0.2894777,0
1,0.7096911,1
1,0.44905493,0
0,0.15869026,0
1,0.70046663,1
0,0.71743435,1
1,0.73085225,1
0,0.19724025,0
0,0.08212625,0
0,0.53201133,1
0,0.5620319,1
0,0.22170933,0
1,0.6101045,1
0,0.55404514,1
0,0.25713968,0
0,0.07116981,0
0,0.16851133,0
0,0.09061325,0
0,0.5071089,1
0,0.564153,1
0,0.17857543,0
1,0.09500137,0
1,0.67003477,1
1,0.118768394,0
1,0.7541563,1
0,0.026444234,0
1,0.0805748,0
1,0.72894645,1
1,0.15363687,0
0,0.122022375,0
0,0.5040667,1
0,0.10858507,0
0,0.17458625,0
0,0.5876546,1
0,0.31555942,0
0,0.047881138,0
0,0.16515404,0
0,0.57733357,1
0,0.33913007,0
0,0.0713309,0
0,0.23887365,0
0,0.20067088,0
0,0.37415522,0
0,0.24039465,0
0,0.096788384,0
0,0.6262146,1
0,0.06863619,0
0,0.08150112,0
1,0.51131004,1
0,0.121085644,0
0,0.19944169,0
1,0.7192223,1
1,0.662507,1
1,0.11235942,0
0,0.10154785,0
0,0.0976906,0
0,0.059250373,0
0,0.08217349,0
0,0.039815765,0
1,0.72206193,1
0,0.06375534,0
1,0.7319555,1
0,0.1012501,0
0,0.39009094,0
0,0.28451774,0
0,0.19370565,0
0,0.31614012,0
1,0.52920985,1
0,0.18475482,0
1,0.70263505,1
0,0.09904586,0
0,0.40749887,0
0,0.5351573,1
0,0.51617616,1
0,0.08188463,0
0,0.14167748,0
0,0.10153989,0
0,0.1073795,0
0,0.18657671,0
0,0.050114896,0
0,0.05573778,0
1,0.57862866,1
0,0.24943857,0
0,0.7248934,1
1,0.19005053,0
0,0.51629037,1
0,0.48386535,0
1,0.7382184,1
1,0.12745957,0
0,0.044397127,0
0,0.1137846,0
1,0.10471263,0
0,0.35685322,0
0,0.38462347,0
0,0.16176778,0
0,0.03792387,0
0,0.10586412,0
0,0.10450794,0
0,0.07458625,0
0,0.027701983,0
0,0.31956914,0
0,0.093622275,0
1,0.68011004,1
1,0.38129056,0
0,0.13122068,0
1,0.43414387,0
0,0.15428817,0
0,0.41137218,0
0,0.43986675,0
1,0.5890278,1
0,0.5573311,1
0,0.02560705,0
0,0.08243281,0
0,0.72088534,1
1,0.7446696,1
0,0.6690428,1
0,0.15243402,0
1,0.67107993,1
1,0.7578413,1
1,0.6743893,1
0,0.050346952,0
0,0.52596766,1
0,0.44567418,0
1,0.7567868,1
0,0.10908862,0
0,0.6613221,1
0,0.09972786,0
0,0.53444606,1
0,0.1463472,0
0,0.25483516,0
0,0.08618581,0
1,0.19331896,0
1,0.74767405,1
0,0.6775225,1
0,0.28244606,0
0,0.028137911,0
1,0.47176266,0
0,0.05123697,0
0,0.088915505,0
0,0.13072003,0
0,0.15122087,0
0,0.060495857,0
0,0.18659276,0
0,0.057820365,0
0,0.3261774,0
1,0.29040715,0
0,0.24089944,0
0,0.30703777,0
1,0.7287539,1
0,0.20557071,0
1,0.39719564,0
0,0.6226676,1
0,0.55087465,1
0,0.021500692,0
0,0.67477906,1
0,0.082213245,0
0,0.37846816,0
1,0.37573212,0
0,0.24858859,0
0,0.06417683,0
0,0.49470246,0
0,0.043820966,0
1,0.2184136,0
0,0.19262251,0
0,0.1774818,0
0,0.13747926,0
0,0.15317023,0
0,0.22562739,0
1,0.64579284,1
0,0.33740142,0
1,0.12658793,0
1,0.6865298,1
0,0.12926953,0
1,0.73788875,1
0,0.18986548,0
0,0.26337674,0
0,0.11751021,0
0,0.027837608,0
0,0.061379466,0
0,0.7456299,1
0,0.07696572,0
0,0.28348136,0
0,0.0975469,0
0,0.6503835,1
0,0.055092305,0
0,0.09360928,0
0,0.037100945,0
1,0.7778473,1
0,0.09376244,0
0,0.053108357,0
1,0.49356872,0
0,0.5129058,1
1,0.53168136,1
0,0.26194495,0
0,0.116244055,0
0,0.042248834,0
0,0.6011568,1
0,0.10344119,0
0,0.0602453,0
0,0.7665757,1
1,0.65061116,1
0,0.044573486,0
1,0.71092,1
1,0.65437955,1
1,0.18312429,0
0,0.020402644,0
0,0.13668196,0
1,0.6081008,1
0,0.12142159,0
0,0.1911448,0
0,0.60479915,1
0,0.07608309,0
0,0.24880494,0
0,0.12261243,0
0,0.033257302,0
1,0.5691519,1
0,0.17434117,0
0,0.12093853,0
1,0.21665803,0
0,0.08243281,0
0,0.5761894,1
1,0.10322553,0
0,0.11026791,0
1,0.70184267,1
0,0.14575906,0
0,0.17345732,0
0,0.60248065,1
0,0.26984486,0
1,0.20952083,0
0,0.6823662,1
1,0.21543606,0
0,0.36985993,0
0,0.1292611,0
0,0.13848379,0
1,0.6490011,1
0,0.19063488,0
0,0.12622541,0
0,0.13997065,0
0,0.13576955,0
1,0.62433046,1
0,0.14267012,0
0,0.6173166,1
0,0.053986467,0
0,0.102099776,0
0,0.096656494,0
0,0.14400414,0
1,0.6777824,1
0,0.13134587,0
1,0.78395164,1
1,0.1917283,0
0,0.11137649,0
0,0.17623459,0
0,0.10238702,0
0,0.085671656,0
1,0.751013,1
0,0.13397281,0
1,0.7154075,1
0,0.16657084,0
0,0.14922065,0
0,0.13608828,0
0,0.14478976,0
0,0.3318331,0
0,0.4640457,0
0,0.0875085,0
1,0.12849215,0
0,0.05021368,0
0,0.10974886,0
0,0.5929958,1
1,0.19033198,0
0,0.57630897,1
1,0.75661856,1
0,0.3168407,0
0,0.5414965,1
0,0.18595804,0
0,0.17928453,0
0,0.11631098,0
0,0.14276735,0
0,0.27039698,0
1,0.6689732,1
0,0.34880564,0
0,0.5744896,1
1,0.74058795,1
1,0.7458659,1
0,0.6967164,1
1,0.43129987,0
1,0.7108561,1
0,0.49828926,0
0,0.27230445,0
1,0.49202344,0
0,0.31039038,0
0,0.07524247,0
0,0.34667677,0
0,0.09657133,0
0,0.17567869,0
0,0.1570071,0
1,0.58059937,1
0,0.29786968,0
1,0.7115009,1
0,0.124433,0
1,0.52026594,1
0,0.7096141,1
0,0.60203415,1
0,0.4272735,0
0,0.023506815,0
0,0.08342597,0
1,0.7579208,1
0,0.4928236,0
0,0.498591,0
0,0.48010918,0
0,0.58321124,1
0,0.122422226,0
0,0.20616703,0
0,0.13343707,0
0,0.1566533,0
1,0.40132642,0
0,0.1533061,0
0,0.084236205,0
0,0.09364348,0
0,0.14838843,0
0,0.1375068,0
0,0.11029916,0
1,0.24257079,0
1,0.71286094,1
1,0.08063884,0
1,0.47924507,0
1,0.70201397,1
0,0.13778298,0
0,0.08166704,0
1,0.14512157,0
0,0.08472912,0
0,0.6664977,1
0,0.52576756,1
1,0.3295213,0
0,0.06629375,0
1,0.3075211,0
0,0.67349935,1
1,0.14925593,0
0,0.33914694,0
0,0.026021816,0
0,0.09904382,0
1,0.7152064,1
0,0.37497434,0
0,0.05095848,0
0,0.72527915,1
0,0.10972925,0
0,0.56523055,1
0,0.3983247,0
0,0.14877464,0
0,0.6493323,1
0,0.18882847,0
0,0.25232163,0
0,0.08532217,0
0,0.25365838,0
1,0.21715358,0
1,0.3594673,0
0,0.45084044,0
0,0.090148985,0
0,0.37218976,0
0,0.37901953,0
0,0.068782985,0
0,0.14214711,0
1,0.75143534,1
0,0.053242348,0
0,0.70998937,1
0,0.024107689,0
0,0.09549479,0
1,0.11402451,0
0,0.11537717,0
0,0.44640848,0
0,0.7450207,1
1,0.7129827,1
1,0.25189123,0
0,0.07789011,0
0,0.23858249,0
0,0.579849,1
0,0.025090078,0
0,0.40156183,0
0,0.25425494,0
0,0.37816253,0
1,0.7186861,1
0,0.58927894,1
1,0.17476597,0
0,0.4893882,0
0,0.030616505,0
0,0.19094795,0
0,0.15039706,0
0,0.14880288,0
0,0.2798792,0
0,0.13407537,0
0,0.46571806,0
0,0.14123596,0
0,0.29047063,0
0,0.20898278,0
1,0.61884224,1
0,0.07628196,0
0,0.0787515,0
0,0.02373716,0
0,0.4019393,0
1,0.6974171,1
0,0.24657716,0
0,0.6662585,1
0,0.18012816,0
0,0.12717204,0
0,0.034745436,0
0,0.11023938,0
0,0.18372491,0
0,0.29828185,0
0,0.69741505,1
1,0.1509346,0
0,0.091995135,0
0,0.037416004,0
0,0.52486104,1
0,0.4059532,0
0,0.21145007,0
1,0.31531924,0
0,0.19349839,0
0,0.18566178,0
0,0.2766815,0
0,0.14188167,0
1,0.7051956,1
0,0.34545928,0
0,0.08155354,0
0,0.15891604,0
1,0.3616373,0
0,0.21825998,0
0,0.43199578,0
0,0.11862184,0
0,0.03154356,0
0,0.09251237,0
0,0.23217928,0
1,0.16838586,0
0,0.100734726,0
1,0.6268835,1
0,0.14540385,0
0,0.14397836,0
1,0.49143508,0
0,0.19204302,0
0,0.14026515,0
1,0.73628676,1
0,0.37949592,0
1,0.69992477,1
0,0.11724459,0
0,0.030482767,0
0,0.063065186,0
0,0.14237532,0
0,0.1994725,0
0,0.12360386,0
0,0.12113824,0
0,0.0705849,0
0,0.24254873,0
0,0.16010638,0
0,0.43322828,0
1,0.69736564,1
0,0.03567806,0
0,0.1464012,0
0,0.12884994,0
0,0.2367095,0
1,0.7259484,1
0,0.37375522,0
0,0.19672546,0
0,0.14918616,0
0,0.5872864,1
1,0.7600625,1
0,0.10216636,0
1,0.6667373,1
0,0.11848442,0
0,0.08763686,0
1,0.7100002,1
0,0.10762579,0
0,0.17641617,0
0,0.12697245,0
0,0.057057593,0
0,0.4422419,0
1,0.32515612,0
1,0.53079927,1
1,0.5763701,1
0,0.17321935,0
0,0.09453545,0
0,0.10709593,0
0,0.11640678,0
0,0.08143357,0
0,0.19704084,0
0,0.7496143,1
1,0.6139089,1
0,0.098805234,0
0,0.22757214,0
0,0.48928824,0
0,0.21836862,0
0,0.07755575,0
0,0.35800877,0
1,0.7478639,1
1,0.7329054,1
1,0.44160423,0
0,0.08809209,0
1,0.27314407,0
0,0.27333763,0
0,0.03500364,0
0,0.076350026,0
0,0.129731,0
0,0.16024615,0
0,0.024220116,0
1,0.64991134,1
0,0.100266136,0
0,0.16220088,0
0,0.28720102,0
0,0.11101794,0
0,0.023234911,0
1,0.76493126,1
0,0.23212445,0
1,0.6649802,1
0,0.035640854,0
1,0.600428,1
1,0.55920357,1
1,0.10652134,0
0,0.22064582,0
1,0.58233434,1
0,0.22200604,0
0,0.22149876,0
0,0.17045659,0
1,0.19943216,0
1,0.5486229,1
0,0.17913297,0
1,0.36143395,0
0,0.16907509,0
1,0.35951728,0
1,0.2636549,0
0,0.66646445,1
0,0.11456809,0
0,0.711517,1
1,0.42396876,0
0,0.07946678,0
1,0.11402987,0
1,0.53038687,1
1,0.7207254,1
1,0.21663149,0
0,0.14159846,0
0,0.4792061,0
1,0.74501777,1
1,0.6497674,1
0,0.10261526,0
0,0.19912964,0
0,0.02826382,0
0,0.11627663,0
0,0.44946203,0
0,0.14877592,0
0,0.6775854,1
0,0.11641601,0
1,0.62780464,1
0,0.6723048,1
1,0.6684788,1
0,0.15245411,0
0,0.025861887,0
1,0.47675243,0
0,0.031440128,0
0,0.2632254,0
1,0.34029633,0
0,0.36475047,0
0,0.023009753,0
0,0.06817176,0
0,0.12478539,0
1,0.22671595,0
0,0.25548702,0
1,0.37678963,0
0,0.09060916,0
0,0.73826486,1
0,0.62628615,1
0,0.16871646,0
0,0.03039431,0
0,0.51610893,1
0,0.095330015,0
0,0.21261269,0
1,0.5897419,1
0,0.6981537,1
0,0.0870759,0
1,0.7136839,1
0,0.13649166,0
0,0.021380307,0
0,0.72423595,1
0,0.11544713,0
1,0.63490796,1
0,0.10897055,0
0,0.13019453,0
0,0.18427503,0
0,0.1965,0
0,0.45274648,0
1,0.6630774,1
0,0.6935403,1
0,0.07974733,0
0,0.13218275,0
0,0.06539303,0
1,0.6069606,1
1,0.66207534,1
0,0.025861887,0
0,0.12260181,0
0,0.12469927,0
1,0.16119967,0
0,0.4854844,0
1,0.42212987,0
1,0.6828243,1
0,0.25935262,0
0,0.04450411,0
0,0.26085407,0
0,0.15363695,0
1,0.6954097,1
0,0.2131207,0
0,0.47422782,0
0,0.48439693,0
1,0.69446576,1
0,0.02416164,0
0,0.17586152,0
1,0.62456113,1
0,0.3099401,0
0,0.15570879,0
0,0.15806012,0
0,0.6722612,1
0,0.089852765,0
0,0.092111744,0
0,0.27558407,0
0,0.39254683,0
0,0.18966255,0
0,0.5607699,1
1,0.6370049,1
0,0.03427041,0
0,0.1034388,0
1,0.49978778,0
0,0.63978726,1
1,0.69040585,1
0,0.16071193,0
1,0.47275862,0
0,0.07564699,0
0,0.63669586,1
1,0.7315655,1
0,0.20059875,0
1,0.7293632,1
0,0.7490298,1
0,0.2873425,0
0,0.23548217,0
0,0.062120903,0
0,0.26393375,0
0,0.09777419,0
0,0.7377877,1
1,0.7699718,1
0,0.072824605,0
0,0.033730507,0
1,0.51427984,1
0,0.48158535,0
0,0.69506544,1
0,0.71359134,1
1,0.19972603,0
0,0.6307659,1
1,0.3773516,0
1,0.7690724,1
0,0.48739442,0
0,0.030182958,0
0,0.31422204,0
0,0.09114689,0
0,0.49232134,0
0,0.45767546,0
1,0.23510678,0
0,0.6678853,1
1,0.2004123,0
0,0.55531985,1
1,0.22457434,0
1,0.14100571,0
0,0.14124027,0
0,0.06448063,0
1,0.75351685,1
0,0.07712416,0
0,0.29952127,0
0,0.31401628,0
0,0.26642144,0
0,0.3780533,0
0,0.1800778,0
0,0.06994966,0
1,0.42758778,0
0,0.49252528,0
0,0.38605863,0
0,0.6797437,1
0,0.052150022,0
0,0.7532807,1
0,0.62778044,1
0,0.30612463,0
0,0.22453387,0
1,0.45968083,0
0,0.43056932,0
0,0.26305187,0
0,0.027121708,0
0,0.14541537,0
1,0.19358185,0
0,0.23269662,0
0,0.69135666,1
0,0.48177972,0
1,0.7614779,1
0,0.73262346,1
1,0.274188,0
0,0.58567595,1
1,0.5217727,1
0,0.32956663,0
0,0.042296287,0
0,0.12647097,0
0,0.0730217,0
1,0.66843444,1
0,0.1376774,0
0,0.14338686,0
0,0.13340558,0
1,0.73534995,1
0,0.059540875,0
1,0.24912657,0
1,0.6850974,1
0,0.16452208,0
0,0.6967431,1
0,0.09298193,0
1,0.4300893,0
1,0.6911473,1
0,0.08874267,0
0,0.08336797,0
0,0.16233926,0
0,0.031722784,0
0,0.6992437,1
0,0.50907123,1
1,0.11817713,0
1,0.23957852,0
0,0.65379936,1
0,0.104633264,0
0,0.06391127,0
0,0.2276895,0
1,0.18311672,0
0,0.38448575,0
0,0.12577887,0
0,0.11908197,0
0,0.14751226,0
0,0.11662157,0
0,0.55477643,1
0,0.09959778,0
0,0.07859424,0
1,0.12619206,0
1,0.6030222,1
0,0.15253532,0
0,0.7575677,1
0,0.11749068,0
1,0.56418586,1
0,0.13662821,0
0,0.72129565,1
0,0.1406333,0
0,0.07936875,0
0,0.027422857,0
0,0.062754534,0
1,0.2002525,0
1,0.6589555,1
0,0.112242915,0
0,0.051332988,0
1,0.32477617,0
1,0.39994958,0
1,0.5654791,1
0,0.34869426,0
0,0.35304525,0
0,0.38262242,0
0,0.10398647,0
0,0.15127432,0
1,0.62346035,1
0,0.020796916,0
0,0.5347146,1
1,0.7160863,1
0,0.3964109,0
0,0.26464424,0
0,0.47090027,0
0,0.08912134,0
1,0.60440916,1
0,0.29640377,0
0,0.16923048,0
0,0.026666043,0
0,0.68651783,1
0,0.09388829,0
1,0.36465144,0
0,0.11213234,0
0,0.76824975,1
0,0.16633938,0
0,0.13455722,0
0,0.30031142,0
0,0.4917094,0
0,0.4956684,0
0,0.6050392,1
0,0.5332958,1
