feature,auc_importance_mean,auc_importance_std
tenure,0.20594422485726835,0.015417287633640572
MonthlyCharges,0.10686494096980029,0.00988560118060175
SeniorCitizen,0.00704842543077836,0.0020782204557320497
gender_Male,0.005762936268051394,0.0017268002734462452
PhoneService_No,0.0034238161667829057,0.0009269346417330221
gender_Female,0.0031112273631455412,0.0028782051012826823
Dependents_Yes,0.0023272365599731337,0.002397981006885116
InternetService_DSL,0.0021495001162520734,0.0008026305919489837
Contract_Two year,0.0019084708982407329,0.0011785284358010431
InternetService_Fiber optic,0.0013597612958227035,0.0010417559337316765
MultipleLines_No,0.0013314087163192102,0.0005407989803560978
Contract_One year,0.001163553695523012,0.0007495542290820019
PhoneService_Yes,0.00041863649280533545,0.0003162499850561647
Contract_Month-to-month,0.0001227750652303239,0.0006906915666624075
Dependents_No,-0.0007303856984163748,0.0006889814724020136
MultipleLines_Yes,-0.0009628251827740242,0.00039442877733714707
