K,Inertia_WCSS,WCSS_Reduction,Silhouette_Score
2,27569.688126139197,,0.1733626703543201
3,24111.93870228248,3457.749423856716,0.15497307822832976
4,22259.2211088631,1852.7175934193801,0.14627122323203232
5,20753.68588671286,1505.5352221502399,0.14329201698230076
6,19638.48409149799,1115.2017952148708,0.14007646361121526
7,18729.221172709244,909.2629187887469,0.1405196128592726
8,18068.23331151574,660.9878611935019,0.1390151046481748
9,17522.124908525897,546.1084029898448,0.13902401976590956
10,17066.097694868487,456.02721365740945,0.13568035660733266
